id;first_name;last_name;email;telephone
1;Angelina;Hane-Jenkins;Araceli.Grimes@yahoo.com;332-409-2422 x194
2;Emmitt;Treutel;Aubree_Schroeder@hotmail.com;(652) 417-4852 x0589
3;Lyric;Feil;Penelope63@yahoo.com;1-275-495-0245 x268
4;Kale;Mosciski;Maybell24@yahoo.com;(621) 479-0131
5;Cheyenne;Littel;Oda_Wuckert50@gmail.com;976-557-9771 x0656
6;Osborne;Greenfelder;Ayden_Leannon@gmail.com;1-624-674-3380 x2514
7;Jeffrey;Doyle;Lorine20@gmail.com;663-448-1308
8;Vinnie;Von;Sophia_Davis@yahoo.com;665-206-0041 x508
9;Wyman;Hahn;Deion_Block@gmail.com;1-795-675-5772 x79810
10;Lonie;Schowalter;Gabrielle.Bartell@hotmail.com;1-417-259-9580 x494
