id;title;description;date
1;innocently unscramble bereave;rumble as exactly;2024-06-09
2;popularize;among ordinary source;2024-06-09
3;swab yowza although;absent meanwhile reopen;2024-06-09
4;versus misconstrue forenenst;potentially scene;2024-06-09
5;why;now accidentally;2024-06-09
6;mean;annually through knitting;2024-06-09
7;within ick;favor ribbon tattered;2024-06-09
8;boo playfully;subedit homely;2024-06-10
9;playwright;remediate yum;2024-06-09
10;whereas gleefully;big puggle cowbell;2024-06-09
