id;full_name;email;company
1;right supposing celebrated;Jimmy_Abbott64@hotmail.com;mesenchyme far-flung bankrupt
2;mortal how under;Concepcion_Stoltenberg1@hotmail.com;proprietor
3;silently within;Jacinto65@yahoo.com;toward ratio costume
4;quizzically;Briana.Hauck@gmail.com;naive needily avalanche
5;supposing discourse;Dolly1@hotmail.com;blabber loudly
6;around;Lera_Wunsch37@gmail.com;on unimpressively
7;beyond;Michaela.Dickinson@hotmail.com;since if
8;marketplace cholesterol;Kira62@gmail.com;yippee
9;courageously severity;Bertram_Lueilwitz1@yahoo.com;victorious
10;dispatch incubate fitting;Sibyl77@hotmail.com;within if
